id,firstname,lastname
14000,Carilyn,Diann
14001,Beth,Wenda
14002,Alia,Bohlin
14003,Albertina,Sholley
14004,Hyacinthe,Tarrant
14005,Tersina,Ledah
14006,Averyl,Tatianas
14007,Chere,Ursulette
14008,Cordi,Annice
14009,Amalie,Parette
14010,Kamilah,Liva
14011,Kittie,Maryanne
14012,Aigneis,Modie
14013,Lauryn,Narton
14014,Julieta,Colyer
14015,Beth,Ulphia
14016,Blondelle,Genna
14017,Kimmy,Devlen
14018,Fina,Hull
14019,Di,Carey
14020,Rayna,Ehrman
14021,Correy,Latini
14022,Trixi,Jenness
14023,Linet,Chapland
14024,Merry,Cottle
14025,Jsandye,Felecia
14026,Tonia,Belldas
14027,Robinia,Marijo
14028,Libbie,Lalitta
14029,Blondelle,Shanley
14030,Eolanda,Nikaniki
14031,Barbara,Millda
14032,Eve,Obed
14033,Shel,Sinegold
14034,Chrystel,Whiffen
14035,Kassey,Aldric
14036,Corly,Alejoa
14037,Mellicent,Kelula
14038,Esmeralda,Connelly
14039,Georgetta,Randene
14040,Kalina,Allare
14041,Nicoli,Nerita
14042,Kerrin,Berriman
14043,Lonnie,Cookie
14044,Karena,Lindemann
14045,Stephanie,Nance
14046,Cristine,Joeann
14047,Jacquetta,Zitvaa
14048,Lauryn,Tamsky
14049,Lexine,Plato
14050,Giustina,Afton
14051,Daune,Calhoun
14052,Christian,Elbertina
14053,Veda,Faso
14054,Elise,Ralfston
14055,Kirstin,Ammann
14056,Randa,Rugen
14057,Jsandye,Carey
14058,Albertina,Howlyn
14059,Jsandye,Bobbee
14060,Darlleen,Ranjiv
14061,Renae,Marden
14062,Magdalena,Westphal
14063,Malina,Ezar
14064,Ronna,Kamaria
14065,Dennie,Israeli
14066,Merry,Sawtelle
14067,Lelah,Greenwald
14068,Sadie,Lipson
14069,Christian,Valerio
14070,Nananne,Daveta
14071,Shirlee,Eckblad
14072,Oralee,Olympium
14073,Renae,Gahl
14074,Blake,Rustice
14075,Sandie,Trinetta
14076,Norine,Corrine
14077,Kara-Lynn,MacIntosh
14078,Tracey,Amethist
14079,Nadine,Burkle
14080,Jorry,Lalitta
14081,Corly,Hubert
14082,Rosabelle,Rudolph
14083,Marline,Adrienne
14084,Maye,Jerald
14085,Sheelagh,Hessler
14086,Chere,Iphlgenia
14087,Yetty,Myrilla
14088,Jemie,Juan
14089,Olivette,Marijo
14090,Shel,Gregrory
14091,Collen,Iaverne
14092,Harrietta,Paton
14093,Madeleine,Zachary
14094,Maryellen,Ummersen
14095,Bettine,Zuzana
14096,Kenna,Erlandson
14097,Florencia,Demitria
14098,Valera,Manolo
14099,Corene,Dichy